{
    "inference_time": [
        24.158239364624023,
        26.065587997436523,
        25.625944137573242,
        25.926828384399414,
        23.072481155395508,
        26.651382446289062,
        24.753570556640625,
        24.09195899963379,
        22.656917572021484,
        23.38862419128418,
        23.738861083984375,
        23.24056625366211,
        23.772716522216797,
        22.953271865844727,
        24.078369140625,
        24.29652214050293,
        24.6431827545166,
        24.05381202697754,
        25.498628616333008,
        23.13971519470215,
        23.037195205688477,
        22.28999137878418,
        23.859739303588867,
        24.45673942565918,
        23.597240447998047,
        22.93682098388672,
        22.841215133666992,
        24.364471435546875,
        23.98061752319336,
        23.15521240234375
    ],
    "inference_time_CPU": [
        24.04189109802246,
        26.37481689453125,
        24.84893798828125,
        24.35612678527832,
        27.37116813659668,
        25.078535079956055,
        23.7882137298584,
        24.30105209350586,
        22.008895874023438,
        24.591922760009766,
        22.906064987182617,
        23.303508758544922,
        24.549484252929688,
        24.8110294342041,
        23.448467254638672,
        21.93140983581543,
        23.482799530029297,
        23.731231689453125,
        24.319887161254883,
        23.515939712524414,
        24.84607696533203,
        24.012088775634766,
        23.823976516723633,
        23.401737213134766,
        23.89359474182129,
        24.263858795166016,
        24.497509002685547,
        23.83899688720703,
        23.564815521240234,
        23.13852310180664
    ]
}