{"inference_time": [22.995710372924805], "inference_time_CPU": [20.074129104614258]}