{
    "inference_time": [
        25.519371032714844,
        26.65996551513672,
        26.503801345825195,
        26.049375534057617,
        25.350570678710938,
        30.68828582763672,
        26.849031448364258,
        23.993968963623047,
        23.716211318969727,
        27.052640914916992,
        24.78790283203125,
        23.77176284790039,
        24.315357208251953,
        26.41582489013672,
        23.2388973236084,
        24.646759033203125,
        25.172948837280273,
        24.070024490356445,
        25.12645721435547,
        23.530960083007812,
        25.04134178161621,
        25.385379791259766,
        24.576425552368164,
        24.749279022216797,
        24.3222713470459,
        26.542186737060547,
        23.459911346435547,
        26.151657104492188,
        29.814720153808594,
        28.42235565185547
    ],
    "inference_time_CPU": [
        25.432109832763672,
        25.063514709472656,
        26.479482650756836,
        25.109291076660156,
        26.430130004882812,
        24.119138717651367,
        24.511098861694336,
        23.450374603271484,
        23.626089096069336,
        24.352550506591797,
        25.497913360595703,
        23.53525161743164,
        23.326873779296875,
        24.280548095703125,
        24.7652530670166,
        24.21855926513672,
        22.87912368774414,
        23.8344669342041,
        26.523828506469727,
        25.229930877685547,
        22.87888526916504,
        22.81928062438965,
        24.5361328125,
        24.890422821044922,
        24.875879287719727,
        23.73051643371582,
        25.045156478881836,
        24.15156364440918,
        22.586822509765625,
        25.51722526550293
    ]
}